company,role,job_link,location,remote,status,date_applied,follow_up_date,contact_name,contact_email,contact_link,notes
Neo.Tax,Senior Data Scientist + Machine Learning Engineer,https://jobs.ashbyhq.com/neo-tax/7133d265-02d2-415d-b355-98f63222406f,"Remote US, Pacific hours",Yes,Submitted,2026-06-09,2026-06-16,,,,"Submitted through official Ashby application form with resume PDF; confirmation page displayed Success / Your application was successfully submitted; strong fit for production ML, Python, SQL, data ingestion, and evaluation"
Olli Health,Senior AI Engineer,https://jobs.gusto.com/postings/olli-health-senior-ai-engineer-0ee49252-41d0-4db3-8ad9-38f44d31c81a/applicants/new,Remote,Yes,Blocked,,,,,,Application form found; required unknowns: US/CA work authorization and visa sponsorship; strong LLM eval/observability fit
Olli Health,Senior Software Engineer - Platform,https://jobs.gusto.com/postings/olli-health-senior-software-engineer-platform-a5798f49-2b72-4b5d-8b6b-cf52063dab45/applicants/new,Remote,Yes,Blocked,,,,,,"Application form found; required unknowns: US/CA work authorization, visa sponsorship, desired salary; strong Python/FastAPI/React/PostgreSQL/AWS fit"
Emergences Labs,AI / Systems Engineer - NeoHuman,https://emergences.ai/careers/ai-engineer,Remote US,Yes,Submitted,2026-06-04,2026-06-11,Jack,jack@emergences.ai,,Submitted by email with attached resume; sent message id 19e935928df28bbf
Step,Senior Machine Learning Engineer,https://step.com/careers/senior-machine-learning-engineer,Remote US,Yes,Blocked,,,,,,Risk/fraud ML fit; form embedded through Greenhouse but Chrome extension automation failed after launch/retry
Dropbox,Senior Machine Learning Engineer - Dash Agentic AI,https://www.dropbox.jobs/en/jobs/7644886/senior-machine-learning-engineer-dash-agentic-ai/,Remote US,Yes,Blocked,,,,,,"Stretch role: production-scale AI/ML systems and agentic AI; official page was blocked by Cloudflare/Attention Required in automation on 2026-06-10, so no submission made; requires manual browser session or alternate official ATS link"
Starbridge,AI Engineer / Senior Engineer,https://starbridge.ai/careers,NYC or Remote,Yes,Submitted,2026-06-04,2026-06-11,,,recruiting@starbridge.ai,Submitted by email with attached resume; sent message id 19e935bc955db824; mentioned HN
Factory AI,AI/Data/Product Engineering roles,https://factory.ai,"San Francisco, NY, London",No,Saved,,,,,,"Stretch if open to onsite; agentic software development, Python, React, TypeScript, AWS, LLM"
Peachtree Infrastructure,Data Engineer / Data-focused Full Stack,email:hiring@peachtreeinfra.com,Remote US,Yes,Submitted,2026-06-04,2026-06-11,,,hiring@peachtreeinfra.com,Submitted by email with attached resume; salary listed $150k-$180k for Data Engineer; sent message id 19e935dcf0319bad
Catalyst Wayfare AI,AI Engineer / Agent Builder,email:talent+hn@cwai.co,Remote US with occasional travel,Yes,Submitted,2026-06-04,2026-06-11,,,talent+hn@cwai.co,Submitted by email with attached resume; HN role for production agent systems; sent message id 19e935e03e823b3f
Coder,Senior Software Engineer / AI Governance,https://coder.com/careers?utm_source=O2n5Ew72WD,Remote US/Canada,Yes,Submitted,2026-06-04,2026-06-11,,,careers@coder.com,Submitted by email with attached resume for senior engineering/AI governance fit; sent message id 19e935e331937cd0
Riot IQ,Software Engineer / AI Data Systems,email:robertneir@riotiq.com,Remote US,Yes,Submitted,2026-06-04,2026-06-11,Robert Neir,,robertneir@riotiq.com,Submitted by email with attached resume; AI assessment/model evaluation/product fit; sent message id 19e935f1fde6c905
Guac,Backend / Fullstack Engineer,email:jack@guac-ai.com,NYC onsite,No,Submitted,2026-06-04,2026-06-11,Jack,,jack@guac-ai.com,Submitted by email with attached resume; $150k-$250k; Python/FastAPI/forecasting fit; sent message id 19e935f5e66ab1a3
Cora AI,Founding Full Stack / Applied AI Engineer,email:careers@cora.ai,Remote US,Yes,Submitted,2026-06-04,2026-06-11,,,careers@cora.ai,Submitted by email with attached resume; $190k-$250k; agents/RAG/evals fit; sent message id 19e935f8f2baa36d
Opaxa,Founding Full-Stack Engineer,email:colton@opaxa.ai,San Francisco onsite,No,Submitted,2026-06-04,2026-06-11,Colton,,colton@opaxa.ai,Submitted by email with attached resume; $200k-$300k; agent platform/full-stack fit; sent message id 19e935fc366fda2d
Stealth Property Management AI,Forward Deployed Engineer - Backend Python,email:mercedes@kinxshn.com,Remote UTC-3 to UTC+3,Yes,Submitted,2026-06-04,2026-06-11,Mercedes,,mercedes@kinxshn.com,Submitted by email with attached resume; backend Python/agent systems/client-facing fit; sent message id 19e935ff6e38f8ad
IonQ,Senior Research Software Engineer,https://job-boards.greenhouse.io/ionq/jobs/5998606004,Boston hybrid,No,Blocked,,,,,,Greenhouse form accessible and partially filled; blocked by required export-control/legal authorization/citizenship questions
Oscilar,Sr./Staff Machine Learning Engineer,https://jobs.ashbyhq.com/oscilar/a62ed890-59d2-4ec4-ab76-e60d7692d14a?utm_source=HackerNews,Remote,Yes,Blocked,,,,,,Ashby form accessible; blocked by required work authorization and sponsorship questions plus resume file upload
Strata Decision Technology,Applied Machine Learning Engineer,https://job-boards.greenhouse.io/stratacareers/jobs/7452181003,Chicago hybrid,No,Blocked,,,,,,Greenhouse form accessible with manual resume; not submitted because role requires Chicago campus commute and sponsorship answer
Seeq,Backend Software Engineer - Staff/Principal,https://apply.workable.com/seeq/j/CDBF1AE73C/,Remote,Yes,Not qualified,,,,,,Workable form accessible; not submitted because required question asks for at least 10 years professional software development
Censys,Senior Machine Learning Engineer,https://job-boards.greenhouse.io/censys/jobs/8500292002,Remote US,Yes,Blocked,,,,,,Greenhouse form accessible with manual resume; blocked by required US work authorization/sponsorship/US-citizen confirmation
CoreStory,AI Engineer,https://job-boards.greenhouse.io/corestory/jobs/4984207007,Remote US,Yes,Blocked,,,,,,Strong fit; Greenhouse form requires work authorization and sponsorship answers
Splitero,Applied AI Engineer,https://job-boards.greenhouse.io/splitero/jobs/5162723008,Remote US,Yes,Blocked,,,,,,Strong fit; Greenhouse form requires US location/timezone and authorization without sponsorship
SmarterDx,Staff Software Engineer - Machine Learning,https://job-boards.greenhouse.io/smarterdx/jobs/4730428007,Remote US,Yes,Blocked,,,,,,High-comp healthcare ML fit; Greenhouse form requires sponsorship and US residence answers
Machinify,AI Engineer - Agentic Systems,https://job-boards.greenhouse.io/machinifyinc/jobs/4146862009,Remote US,Yes,Blocked,,,,,,Strong healthcare agentic AI fit; Greenhouse form requires authorization/sponsorship/US residence answers
Piq Energy,Full Stack Software Engineer,https://jobs.gem.com/piqenergy/am9icG9zdDqgTj8NyVDwal1rIjQFnwC5,United States remote,Yes,Blocked,,,,,,"Direct Gem application form found; strong Python/FastAPI/LLM agents/Postgres fit; blocked by required resume file upload, CAPTCHA/anti-bot flow, and required visa sponsorship answer"
Obsidian Security,Staff Software Engineer,https://job-boards.greenhouse.io/obsidiansecurity/jobs/5152706008,US Remote,Yes,Blocked,,,,,,Greenhouse form accessible with manual resume option; blocked by required visa sponsorship answer; also asks relatives-at-company question
MixRank,Software Engineer - Global Remote,https://www.ycombinator.com/companies/mixrank/jobs/RXQspen-software-engineer-global-remote,Global remote,Yes,Blocked,,,,,,Direct YC Work at a Startup application found; strong Python/PostgreSQL/Linux/data systems fit; blocked by required YC/Work-at-a-Startup account login before applying
Kepler,Full Stack Engineer,https://jobs.ashbyhq.com/kepler-ai/52624a4e-33e3-4f16-8028-026c94fb2eb8,New York City onsite,No,Submitted,2026-06-09,2026-06-16,,,,Submitted through official Ashby application form with resume PDF; confirmation page displayed Thanks for applying to Kepler / application successfully submitted; current location truthfully listed as Fairmont WV; onsite NYC caveat remains
CoPlane,Forward Deployed AI Engineer,https://coplane.com/careers/forward-deployed-ai-engineer,NYC or US Remote with travel,Yes,Blocked,,,,,,Direct role page found; strong customer-facing Python automation/AI implementation fit; blocked because posting explicitly requires existing US work authorization and no visa sponsorship
Nova Credit,Senior Data Scientist,https://job-boards.greenhouse.io/novacredit/jobs/4253031009,New York NY hybrid,No,Blocked,,,,,,Greenhouse form accessible with manual resume option; strong Python/SQL/ML/NLP/document-fraud fit; blocked by required NYC hybrid commute/relocation answer plus US work authorization and sponsorship questions
DrSwarm,Founding Engineer - Full Stack,email:jobs@drswarm.com,Remote US/LATAM,Yes,Submitted,2026-06-09,2026-06-16,,,jobs@drswarm.com,Submitted by email with attached resume; healthcare AI workflow automation fit; sent message id 19eacfc539d3c6a3
Servicing Copilot,Senior Full-Stack Contractor,email:info@readifinancial.com,Remote EST overlap,Yes,Submitted,2026-06-09,2026-06-16,,,info@readifinancial.com,Submitted by email with attached resume; AI-native mortgage servicing ops workflow fit; sent message id 19eacfc77a5b746d
Pelotech,Staff Software Engineer,email:henry.anderson@pelo.tech,Remote US,Yes,Submitted,2026-06-09,2026-06-16,Henry Anderson,,henry.anderson@pelo.tech,Submitted by email with attached resume; remote consulting/software engineering fit; sent message id 19eacfca1b8e0a23
Sequent Tech,Senior Fullstack Engineer,email:team@sequentech.io,Remote global,Yes,Submitted,2026-06-09,2026-06-16,,,team@sequentech.io,Submitted by email with attached resume; secure voting/blockchain-adjacent full-stack systems fit; sent message id 19eacfccb6af7c32
Hatchet,Full-Stack Engineer,email:alexander@hatchet.run,"NYC, SF, or Remote US/EU",Yes,Submitted,2026-06-09,2026-06-16,Alexander,,alexander@hatchet.run,Submitted by email with attached resume; backend workflow/platform tooling fit; sent message id 19eacfcf42802084
Join,Staff Software Engineer - Web,email:jon@join.build,Remote US/Canada,Yes,Submitted,2026-06-09,2026-06-16,Jon,,jon@join.build,Submitted by email with attached resume; construction SaaS product engineering fit; sent message id 19eae0d5ef0635c7
CO-Ver,Fullstack / Senior Fullstack SWE,email:recruiting@co-ver.com,Remote US,Yes,Submitted,2026-06-09,2026-06-16,,,recruiting@co-ver.com,Submitted by email with attached resume; AI construction change-order review workflow fit; sent message id 19eae0d819de1f2a
Radar Labs,Software Engineer,email:tim@radar.com,Remote US or NYC,Yes,Submitted,2026-06-09,2026-06-16,Tim,,tim@radar.com,Submitted by email with attached resume; data platform/anomaly detection/geolocation systems fit; sent message id 19eae0da7eda4725
Fusionbox,Python + TypeScript Engineer,email:info@fusionbox.com,Remote US,Yes,Submitted,2026-06-09,2026-06-16,,,info@fusionbox.com,Submitted by email with attached resume; consulting Python/TypeScript/client delivery fit; sent message id 19eae0dd25355d82
Laminar Engineering,Full-Stack CV/ML Systems Engineer,email:hiring@laminr.co,Remote contract,Yes,Submitted,2026-06-09,2026-06-16,,,hiring@laminr.co,Submitted by email with attached resume; computer vision/ML/full-stack systems fit; sent message id 19eae0df8cd5047f
Kanary,Full Stack Engineer,email:steven@kanary.com,Remote US,Yes,Submitted,2026-06-09,2026-06-16,Steven,,steven@kanary.com,Submitted by email with attached resume; personal security/risk-modeling Python React fit; sent message id 19eae0e1c3b2a5d7
Kyra Health,Senior / Staff Product Engineer,email:n@kyra.health,Remote USA,Yes,Submitted,2026-06-09,2026-06-16,,,n@kyra.health,Submitted by email with attached resume; healthcare/fintech/AI workflow product fit; sent message id 19eae0e4633025cd
Estuary,Data / Software Engineering,email:careers@estuary.dev,Remote US,Yes,Submitted,2026-06-09,2026-06-16,,,careers@estuary.dev,Submitted by email with attached resume; data infrastructure and pipeline fit; sent message id 19eae0e6922d1028
Babou,Full Stack Software Engineer,email:careers@babou.ai,Remote,Yes,Submitted,2026-06-09,2026-06-16,,,careers@babou.ai,Submitted by email with attached resume; AI-native marketing workflow/full-stack product fit; sent message id 19eae0e918b4af62
Kepler,Full Stack Engineer / AI Trust Layer,email:eddie.hammond@kepler.ai,New York City onsite,No,Submitted,2026-06-09,2026-06-16,Eddie Hammond,,eddie.hammond@kepler.ai,Direct email outreach/application sent with attached resume after Ashby form blocker; explicitly disclosed WV/remote-friendly location caveat; sent message id 19eae1395eba9a55
Go.Shop,Product Builder - Growth Channels,email:jobs@goshopbrands.com,Remote GMT to GMT+8,Yes,Submitted,2026-06-09,2026-06-16,,,jobs@goshopbrands.com,Submitted by email with attached resume; AI-powered creator/DTC product systems fit; sent message id 19eae13be31cee3e
DearHiringManager / Karhuno Group,Full-Stack Developer,email:lars@dearhiringmanager.io,Remote US,Yes,Submitted,2026-06-09,2026-06-16,Lars,,lars@dearhiringmanager.io,Submitted by email with attached resume; AI job-search/product automation meta-fit; sent message id 19eae13eaad47261
Modal,Software Engineer - AI Infrastructure/Product Systems,email:can@modal.com,"SF or NYC onsite, possible adjacent fit",No,Submitted,2026-06-09,2026-06-16,,,can@modal.com,Direct email outreach/application sent with attached resume; AI infra/serverless ML fit; explicitly disclosed WV/remote-friendly location caveat; sent message id 19eae141d8b56ccd
Tenera,Founding Engineer / AI Product Systems,email:suzie@trytenera.ai,San Francisco onsite,No,Submitted,2026-06-09,2026-06-16,Suzie,,suzie@trytenera.ai,Direct email outreach/application sent with attached resume; agent/human product-decision layer fit; explicitly disclosed WV/remote-friendly location caveat; sent message id 19eae1448064fdb4
Albert,AI / Product Engineering Roles,email:recruiting@albert.com,Remote global,Yes,Submitted,2026-06-09,2026-06-16,,,recruiting@albert.com,Direct email outreach/application sent with attached resume; high-upside consumer fintech AI/product role; seniority caveat stated honestly; sent message id 19eae14ba67e1593
Strobe Power,Founding Engineer / AI Data-Center Systems,email:keeley@strobepower.com,"Brooklyn, SF, or remote-adjacent discussion",No,Submitted,2026-06-09,2026-06-16,Keeley,,keeley@strobepower.com,Direct email outreach/application sent with attached resume; AI data-center power systems fit; explicitly disclosed WV/remote-friendly location caveat; sent message id 19eae14f2d26b176
Instrumentl,"Sr. Software Engineer, GenAI",https://jobs.lever.co/Instrumentl/85b9edb5-b23d-4a44-8d0a-3f861130b397/apply,Remote - USA / Remote - Canada,Yes,Blocked,,,,,,Official Lever form inspected; strong GenAI/RAG/evals fit; blocked by required US work authorization and future visa sponsorship answers plus resume upload
Panopto,AI Engineer,https://jobs.lever.co/panopto/4c4fe959-597b-493f-bc08-a3a268153a32/apply,Remote US,Yes,Blocked,,,,,,"Official Lever form inspected; strong LLM/MCP/evals/observability fit; blocked by required work authorization, future sponsorship, mailing address, non-compete, salary-range confirmation, AI interview agreement, essay answers, and resume upload"
Findigs,Lead Software Engineer,https://jobs.lever.co/findigs/1ea92751-1c85-4eb6-84b4-86c5293fb477/apply,Remote US,Yes,Blocked,,,,,,"Official Lever form inspected; blocked by required work authorization, visa/sponsorship, address, and relocation/location questions"
Jeeves,Senior AI Engineer,https://jobs.lever.co/tryjeeves/2f00206f-6091-4eed-8b5f-1325afdbfe30/apply,Remote,Yes,Blocked,,,,,,Official Lever form inspected; fintech AI/backend fit; blocked by required monthly salary requirement and unconfirmed language/team-history answers
Collate,AI Engineer,https://jobs.lever.co/collate/377f2cf3-6285-42c1-8130-dd3dd2c866cb/apply,San Francisco onsite,No,Submitted,2026-06-09,2026-06-16,,,,"Submitted through official Lever application form; confirmation page displayed Application submitted; resume upload was optional/unavailable in browser, so submitted contact info plus LinkedIn, GitHub, portfolio, and Substack; location caveat: current location truthfully listed as Fairmont WV"
Entefy,Machine Learning Engineer,https://jobs.lever.co/entefy/52af79e3-49c6-4c57-bcf1-1151b4f4af3d/apply,Remote,Yes,Blocked,,,,,,Official Lever form inspected; blocked by required US work authorization and sponsorship questions plus truth-certification checkbox
Egen,Senior AI/ML Engineer,https://jobs.lever.co/egen/1b870652-5768-45e9-b55b-4420e6402314/apply,Remote,Yes,Blocked,,,,,,Official Lever form inspected; blocked by required citizenship/permanent-resident/OPT/sponsorship status question and custom required essays
Influur,AI Engineer,https://jobs.lever.co/influur/e799f7bf-9280-4d22-8f1c-387d322f1011/apply,San Francisco Bay Area remote,Yes,Blocked,,,,,,"Official Lever form inspected; blocked by required legal authorization question, resume upload, and required custom application questions"
AHEAD,"Senior AI Engineer, AI Services",https://jobs.lever.co/thinkahead/1ffb36db-8d38-497e-8eb6-21ad13889464/apply,United States remote,Yes,Blocked,,,,,,"Official Lever form inspected; blocked by required work authorization, salary, address, government/clearance-style fields, and acknowledgement questions"
Element Solutions,Machine Learning/AI Engineer,https://jobs.lever.co/elementsolutions/49e3997a-5e50-49cd-a390-00358bb4908c/apply,United States remote,Yes,Blocked,,,,,,"Official Lever form inspected; blocked by required legal authorization, visa sponsorship, citizenship, security clearance, government/background-check, and salary questions"
Collate,Software Engineer Backend,https://jobs.lever.co/collate/6e60404a-4cd5-486d-ad73-eeb6d52d7a6a/apply,San Francisco onsite,No,Submitted,2026-06-09,2026-06-16,,,,"Submitted through official Lever application form; confirmation page displayed Application submitted; resume upload was optional/unavailable in browser, so submitted contact info plus LinkedIn, GitHub, portfolio, and Substack; backend/product systems fit for Python, TypeScript, Postgres, APIs, data pipelines, and AI/ML services; location caveat: current location truthfully listed as Fairmont WV"
Virtasant,Senior Data Engineer Data Platform,https://virtasant.teamtailor.com/jobs/7563920-senior-data-engineer-data-platform,Remote contiguous USA,Yes,Blocked,,,,,,Official Teamtailor form inspected; strong data-platform fit; blocked by required resume file upload and visa/citizenship/sponsorship-related job questions
PrairieLearn,Full-Stack Software Engineer,https://jobs.ashbyhq.com/PrairieLearn/ee6fdbc3-1c3a-4fa3-bb3f-13ddab449baf/application,United States remote,Yes,Submitted,2026-06-10,2026-06-17,,,,"Submitted through official Ashby application form with resume PDF; confirmation page displayed Success / Your application was successfully submitted; open-source education platform fit with TypeScript/Postgres/React, AI tooling, dashboards, automation, and public GitHub proof of work"
Atom Computing,Senior Software Engineer,https://jobs.lever.co/atomcomputing/fba81164-79d4-4177-84b5-abdfe89aadd1/apply,Boulder CO or Austin TX onsite,No,Blocked,,,,,,Official Lever form inspected; high-comp technical software fit but not AI-focused; blocked by required onsite location selection plus work authorization and visa sponsorship text answers
Veedma,Founding Product Engineer,https://app.dover.com/apply/Veedma/8f5e6d01-75f1-46a8-b5b7-9ecddc685869/,Remote US,Yes,Not qualified,,,,,,"Official Dover form inspected; form itself is light, but role requires 10+ years production web apps plus deep healthcare/telehealth/EHR/HIPAA background, which is not a truthful fit"
Veedma,Founding Growth Engineer,https://app.dover.com/apply/Veedma/d39d76d3-e968-407c-b268-0faf875a368d/,Remote US,Yes,Not qualified,,,,,,"Official Dover form inspected; role requires 10+ years senior hands-on growth plus deep healthcare/telehealth/pharmacy/supplements background, which is not a truthful fit"
Factory AI,"Software Engineer, AI",https://jobs.ashbyhq.com/factory/2243dab2-62dc-4c64-b4bc-8f7314475607/application,San Francisco onsite,No,Blocked,,,,,,"Official Ashby form inspected; top AI-tools target and strong applied AI fit, but blocked by required resume upload/reCAPTCHA; additional caveat: role is five days per week in San Francisco"
Return,BESS Optimization Developer Python,https://jobs.polymer.co/return/40229,Remote EU with Amsterdam overlap,No,Blocked,,,,,,"Official Polymer form inspected; strong Python/forecasting/optimization fit, but blocked by required resume upload and location restriction to EU remote"
AI Fund,Founding Engineer AI-Native,https://jobs.lever.co/AIFund/3606216b-19c1-4a8d-8602-f830f5e75997/apply,San Francisco hybrid,No,Blocked,,,,,,"Official Lever form inspected and filled with resume PDF; high-upside AI Fund portfolio fit; final click blocked by hCaptcha security challenge intercepting submit button, so no submission confirmed"
AI Fund,Technical Builder,https://jobs.lever.co/AIFund/0c921ef9-a780-4966-bb61-a61a11de1a49/apply,Palo Alto onsite,No,Blocked,,,,,,"Official Lever form inspected and filled with resume PDF; high-upside AI Fund builder role, but final submission returned Lever verification error; no submission confirmed; onsite Palo Alto caveat remains"
AI Fund,Engineer in Residence,https://jobs.lever.co/AIFund/6a5cdc52-a017-4b31-9ae1-23c50df1d901/apply,Mountain View onsite,No,Blocked,,,,,,"Official Lever form inspected; strong builder/AI-workflow fit, but blocked by required resume upload, required Mountain View five-days/week answer, stipend comfort answer, sponsorship answer, and long-form project/workflow responses"
Ascertain,Applied AI Engineer,https://jobs.ashbyhq.com/ascertain/e2b09339-b7cb-42d1-a666-68908329ceb8/application,NYC or Remote,Yes,Submitted,2026-06-09,2026-06-16,,,,"Submitted through official Ashby application form with resume PDF; confirmation page displayed Success / Your application was successfully submitted; applied AI agent/workflow healthcare fit; required fields were name, email, resume, and LinkedIn"
Mostest,Applied AI Engineer - North American Timezones,https://jobs.ashbyhq.com/mostest/68e436d6-b632-434e-93ab-9314a642dce5/application,Remote - North American Timezones,Yes,Submitted,2026-06-09,2026-06-16,,,,"Submitted through official Ashby application form with resume PDF; confirmation page displayed Success / Your application was successfully submitted; tailored response emphasized practical AI systems, evaluation dashboards, product workflows, and event-operations fit"
Railway,Senior Full-Stack Engineer - Product,https://jobs.ashbyhq.com/Railway/6ddcfe47-6cce-469b-ba6d-4f0e83440c9d/application,Remote - United States / Global,Yes,Submitted,2026-06-09,2026-06-16,,,,"Submitted through official Ashby application form with resume PDF; confirmation page displayed Thank you for your interest / application successfully submitted; tailored Why Railway response emphasized TypeScript/React, APIs, Postgres/Redis/Docker/GitHub Actions, repo-health, and AI workflow dashboards"
Chestnut,Software Engineer (Mid-Level),https://jobs.ashbyhq.com/Chestnut/2844b807-d2cc-43f1-aee8-58c2dd1c6899/application,San Francisco / Seattle hybrid,No,Submitted,2026-06-09,2026-06-16,,,,Submitted through official Ashby application form with resume PDF; confirmation page displayed Thanks for applying to Chestnut; a16z-backed AI-native insurance startup fit; current location caveat remains
Neo.Tax,Senior Full-Stack Software Engineer,https://jobs.ashbyhq.com/neo-tax/38d3b2b4-1c4b-461d-8142-d006665334ff/application,Remote - Pacific Time Zone,Yes,Blocked,,,,,,Official Ashby form inspected; blocked by required years-of-professional-full-time-software-engineering answer plus required US work authorization and visa sponsorship answers
Braintrust,Open Source Engineer - Python,https://jobs.ashbyhq.com/braintrust/ba4d6676-f65c-42c9-84ee-285f2da15e0d/application,Remote / NYC / Seattle,Yes,Blocked,,,,,,"Official Ashby form re-inspected on 2026-06-14; excellent remote AI eval/open-source Python fit, and the live Ashby form surfaced a 90-day company-wide application limit plus a required open-source-project-links field, but the only unknown blocker is the future visa sponsorship answer."
Baseten,Applied AI Inference Engineer,https://jobs.ashbyhq.com/baseten/90e9ff4e-1225-4b1b-b0b4-2362e36d9cfa/application,San Francisco / New York / Remote hybrid,Yes,Blocked,,,,,,"Official Ashby form inspected; excellent AI inference/FDE fit, but blocked by required unrestricted US work authorization and future employment-based visa sponsorship answers"
Baseten,AI Solutions Engineer,https://jobs.ashbyhq.com/baseten/508b792d-57a0-467e-9a89-76fe72e84433/application,San Francisco / New York / Remote hybrid,Yes,Blocked,,,,,,"Official Ashby form inspected; strong AI solutions/forward-deployed fit, but blocked by required unrestricted US work authorization and future employment-based visa sponsorship answers"
Fireworks AI,"Member of Technical Staff, Evals & Post-Training Product",https://jobs.ashbyhq.com/fireworksai/cca38fd5-9cbd-4cee-8fdb-d6e6d230b036/application,San Mateo onsite,No,Blocked,,,,,,"Official Ashby form inspected; excellent evals/post-training fit, but blocked by required work authorization status, full-time San Mateo onsite answer, ideal start date, and compensation expectations"
Piramidal,Forward Deployed Engineer,https://job-boards.greenhouse.io/piramidalinc/jobs/4212486009,New York onsite,No,Blocked,,,,,,"Official Greenhouse form inspected; strong healthcare AI/ML deployment fit, but blocked by required US work authorization answer and onsite/client-travel caveat"
Arize,AI Sales Engineer - US,https://arize.com/career/?gh_jid=5792327004,Remote United States,Yes,Blocked,,,,,,"Official Greenhouse form inspected; strong AI observability/evals sales-engineering fit, but blocked by required customer-facing experience answer plus required sponsorship and US work authorization answers"
Anthropic,Research Engineer - Model Evaluations,https://job-boards.greenhouse.io/anthropic/jobs/5198255008,"Remote-Friendly (Travel-Required) | San Francisco, CA | New York City, NY",Yes,Blocked,,,,,,"Official Greenhouse form inspected on 2026-06-12; exceptional evals/dashboard/reliability fit, but blocked by required answers on 25%-office availability, Why Anthropic, current/future visa sponsorship, relocation posture/address, and prior Anthropic interview history. Earliest-start and timeline fields are optional."
Anthropic,"Research Engineer, Knowledge Team",https://job-boards.greenhouse.io/anthropic/jobs/4017331008,"Remote-Friendly (Travel-Required) | San Francisco, CA | Seattle, WA | New York City, NY",Yes,Blocked,,,,,,"Official Greenhouse form inspected on 2026-06-12; exceptional fit for agentic knowledge systems, evals, Python, search/data architecture, and practical AI engineering, but blocked by required answers on 25%-office availability, Why Anthropic, future visa sponsorship, relocation posture, and prior Anthropic interview history. Cover-letter file/text can satisfy the required Additional Information field."
Anthropic,Data Scientist - Developer Productivity,https://job-boards.greenhouse.io/anthropic/jobs/5197529008,"San Francisco, CA | New York City, NY",No,Blocked,,,,,,"Official Greenhouse form inspected; strong Python/SQL/dashboard/experimentation fit, but blocked by required unknown answers on 25%-office availability, earliest start/timeline, visa sponsorship, relocation/address, and prior-interview history"
OpenAI,AI Deployment Engineer - Codex,https://openai.com/careers/ai-deployment-engineer-codex-remote-us/,Remote - US,Yes,Blocked,,,,,,"Official Ashby form inspected on 2026-06-12; strong remote Codex/developer-productivity/public-guides fit, but blocked by required earliest-start-date, current-work-authorization, future-visa-sponsorship, and arbitration/certification acknowledgements. Role also remains a senior stretch because the posting asks for 5+ years of customer-facing deployment/solutions experience."
OpenAI,"Applied AI Engineer, Codex Core Agent",https://openai.com/careers/applied-ai-engineer-codex-core-agent-san-francisco/,"San Francisco / New York City / Seattle / London, UK",No,Blocked,,,,,,"Official Ashby form inspected on 2026-06-12; exceptional Codex/evals/agent-behavior fit with $230K-$385K range, but blocked by required earliest-start-date, current-work-authorization, future-visa-sponsorship, and 3-days-per-week San Francisco office answers, plus arbitration/certification acknowledgements."
xAI,Exceptional Software Engineer,https://job-boards.greenhouse.io/xai/jobs/4956028007,"Austin TX, New York NY, Palo Alto CA, Seattle WA",No,Blocked,,,,,,"Official Greenhouse form inspected; strong builder-energy/public-project fit, but blocked by required unknown answer on future US visa sponsorship and practical relocation/onsite commitment across listed hubs; form also requires a concise exceptional-work statement"
Cohere,Applied AI Engineer - Agentic Workflows,https://jobs.ashbyhq.com/cohere/1fa01a03-9253-4f62-8f10-0fe368b38cb9/application,Remote-friendly / globally distributed,Yes,Blocked,,,,,,Official Ashby form attempted with resume PDF; blocked after submit because the form revealed required Location plus work authorization and future sponsorship questions that should not be guessed
LangChain,"Fullstack Software Engineer, Applied AI",https://jobs.ashbyhq.com/langchain/c75915ba-a32b-4e17-873d-19b47564170d/application,"San Francisco, CA / New York, NY",No,Blocked,,,,,,"Official Ashby form attempted with resume PDF, GitHub, and LinkedIn; blocked after submit because the form revealed a required future US work-sponsorship question that should not be guessed"
Runpod,Software Engineer (Full-Stack),https://job-boards.greenhouse.io/runpod/jobs/4785681008,"Remote, USA",Yes,Blocked,,,,,,"Official Greenhouse form inspected; strong AI infrastructure/full-stack fit with Python/TypeScript/open-source SDK overlap, but blocked by required future employment visa sponsorship answer; page states Runpod is currently unable to sponsor employment visas"
Runpod,Senior Software Engineer (Cloud),https://job-boards.greenhouse.io/runpod/jobs/4142227008,"Remote, USA",Yes,Blocked,,,,,,"Official Greenhouse form inspected; AI cloud infrastructure fit, but blocked by required future employment visa sponsorship answer; role also asks 3+ years professional software development with Go experience"
Runpod,Site Reliability Engineer,https://job-boards.greenhouse.io/runpod/jobs/5229443008,"Remote, USA",Yes,Not qualified,,,,,,"Official Greenhouse form inspected; AI infrastructure company is attractive, but SRE role asks 5+ years SRE/Reliability/Production Engineering experience and requires future visa sponsorship answer"
Sourcegraph,Software Engineer - Code Understanding IC2,https://job-boards.greenhouse.io/sourcegraph91/jobs/5855148004,Remote,Yes,Blocked,,,,,,"Official Greenhouse form inspected; strong developer-tools/code-intelligence fit, but blocked by required compensation target, employment visa sponsorship, exact professional-experience answers, and required work-location details"
Glean,Founding Forward Deployed Engineer,https://job-boards.greenhouse.io/gleanwork/jobs/4651991005,Remote - US,Yes,Blocked,,,,,,"Official Greenhouse form inspected; excellent enterprise AI agents/FDE fit, but blocked by required compensation expectations and exact relevant-years answer"
Glean,"AI Success Manager, East",https://job-boards.greenhouse.io/gleanwork/jobs/4661878005,Remote - US,Yes,Blocked,,,,,,"Official Greenhouse form inspected; strong AI adoption/customer workflow fit, but blocked by required compensation expectations, future US sponsorship answer, and exact relevant-years answer"
Glean,"AI Outcomes Manager, East",https://job-boards.greenhouse.io/gleanwork/jobs/4661934005,Remote - US,Yes,Blocked,,,,,,"Official Greenhouse form inspected; strong AI outcomes/customer workflow fit, but blocked by required compensation expectations, future US sponsorship answer, and exact relevant-years answer"
Hebbia,"Backend Engineer, Agents",https://jobs.ashbyhq.com/hebbia-ai/1c18a253-3c4d-4e5a-952d-cd35ba690ea7/application,NYC / San Francisco onsite,No,Submitted,2026-06-10,2026-06-17,,,,Submitted through official Ashby application form with resume PDF; confirmation page displayed Success / Your application was successfully submitted; agent/backend role fit emphasized through resume projects and GitHub
Hebbia,"Backend Engineer, Agent Collaboration Platform",https://jobs.ashbyhq.com/hebbia-ai/d4efb36c-c59b-4468-b572-88264d555167/application,NYC / San Francisco onsite,No,Submitted,2026-06-10,2026-06-17,,,,Submitted through official Ashby application form with resume PDF; confirmation page displayed Success / Your application was successfully submitted; AI agent collaboration/backend platform fit
Hebbia,"Applied Research Engineer, Agents",https://jobs.ashbyhq.com/hebbia-ai/33b7e44e-a37e-4cc8-9a17-7443236650e4/application,NYC / San Francisco onsite,No,Submitted,2026-06-10,2026-06-17,,,,Submitted through official Ashby application form with resume PDF; confirmation page displayed Success / Your application was successfully submitted; applied AI/evals/agent systems fit
Hebbia,Data Engineer,https://jobs.ashbyhq.com/hebbia-ai/a848ec35-c0ee-404a-b153-5d8c2c434003/application,NYC / San Francisco onsite,No,Submitted,2026-06-10,2026-06-17,,,,Submitted through official Ashby application form with resume PDF; confirmation page displayed Success / Your application was successfully submitted; Python/SQL/data product fit
Hebbia,Forward Deployed Engineer,https://jobs.ashbyhq.com/hebbia-ai/b35852eb-97ac-491a-b375-91fd13d0b7b3/application,NYC / San Francisco onsite,No,Blocked,,,,,,"Official Ashby form inspected; strong AI/FDE fit, but blocked by required answer to whether candidate is currently located in or willing to relocate to New York City"
Cognition,Applied AI Engineer,https://jobs.ashbyhq.com/cognition/811c3f5a-b26d-4162-b49b-93890a91794d/application,San Francisco / London / New York City onsite,No,Submitted,2026-06-10,2026-06-17,,,,"Submitted through official Ashby application form with resume PDF; confirmation page displayed Success / Your application was successfully submitted; tailored note covered Python/SQL/TypeScript, eval dashboards, workflow automation, and Devin-era software engineering fit"
Cognition,Product Engineer,https://jobs.ashbyhq.com/cognition/439404bb-3185-4d22-b6df-4a5e39a510d6/application,San Francisco / New York City onsite,No,Submitted,2026-06-10,2026-06-17,,,,"Submitted through official Ashby application form with resume PDF; confirmation page displayed Success / Your application was successfully submitted; tailored product-engineering note emphasized React/TypeScript, APIs, data pipelines, and AI workflow tools"
Cognition,Software Engineer,https://jobs.ashbyhq.com/cognition/e8086415-62bc-4cc0-96a4-84bb56182d35/application,San Francisco onsite,No,Blocked,,,,,,"Official Ashby form attempted after correcting required How did you hear about us field; Cognition returned one-application-per-role-every-3-months limit, so no new submission counted"
Railway,Senior Platform Engineer: Storage,https://jobs.ashbyhq.com/Railway/25d8444a-47dc-4084-ae56-29a0f0b19b74/application,Global remote,Yes,Submitted,2026-06-10,2026-06-17,,,,"Submitted through official Ashby application form with resume PDF; confirmation page displayed Thank you for your interest / application successfully submitted; tailored Why Railway response emphasized infrastructure-as-product, Python/TypeScript, Postgres/Redis/Docker/GitHub Actions, repo-health automation, and reliable systems"
Railway,Infrastructure Engineer,https://jobs.ashbyhq.com/Railway/b8072f95-043f-404d-a313-f0bdf8dd3c81/application,Remote - United States,Yes,Submitted,2026-06-10,2026-06-17,,,,"Submitted through official Ashby application form with resume PDF; confirmation page displayed Thank you for your interest / application successfully submitted; tailored Why Railway response emphasized deployment, developer velocity, TypeScript/React, Python/FastAPI, SQL, Docker, GitHub Actions, and reliability"
Hebbia,"Platform Engineer, Document Intelligence",https://jobs.ashbyhq.com/hebbia-ai/3b7a4d3c-bb0a-455c-80b3-91faf94b9523/application,NYC / San Francisco onsite,No,Submitted,2026-06-10,2026-06-17,,,,Submitted through official Ashby application form with resume PDF; confirmation page displayed Success / Your application was successfully submitted; document intelligence/platform engineering fit
Hebbia,"Backend Engineer, Growth and Data",https://jobs.ashbyhq.com/hebbia-ai/1710a563-14df-45c5-a6b1-a62adcdead89/application,NYC / San Francisco onsite,No,Submitted,2026-06-10,2026-06-17,,,,Submitted through official Ashby application form with resume PDF; confirmation page displayed Success / Your application was successfully submitted; backend/data/growth engineering fit
Hebbia,Integrations Engineer,https://jobs.ashbyhq.com/hebbia-ai/6cf5b93f-c465-497f-811a-008050c143e7/application,NYC / San Francisco onsite,No,Submitted,2026-06-10,2026-06-17,,,,Submitted through official Ashby application form with resume PDF; confirmation page displayed Success / Your application was successfully submitted; integrations/API/workflow automation fit
Hebbia,Technical Delivery,https://jobs.ashbyhq.com/hebbia-ai/3d1c1050-236a-42e4-a1be-8e6b48b6b247/application,NYC onsite,No,Blocked,,,,,,"Official Ashby form inspected; strong AI strategy/technical delivery fit, but blocked by required answer to whether candidate is based in or willing to relocate to New York City"
Hebbia,Solutions Engineer,https://jobs.ashbyhq.com/hebbia-ai/6ee51b19-cead-4fb5-b83c-6285a36541a7/application,NYC onsite,No,Blocked,,,,,,"Official Ashby form inspected; strong AI solutions/customer workflow fit, but blocked by required answer to whether candidate is based in or willing to relocate to New York City"
Cognition,Deployed Engineer,https://jobs.ashbyhq.com/cognition/d72d584c-bb11-4b6a-b043-d81425ea884a/application,San Francisco / Austin / New York City onsite,No,Blocked,,,,,,"Official Ashby form attempted with resume PDF and tailored achievement response; Cognition returned one-application-per-role-every-3-months limit, so no new submission counted"
Cognition,AI Support Engineer,https://jobs.ashbyhq.com/cognition/02772183-104d-4cc6-92a4-8e928f51b862/application,San Francisco / New York City onsite,No,Blocked,,,,,,"Official Ashby form attempted with resume PDF and tailored support-engineering note; Cognition returned one-application-per-role-every-3-months limit, so no new submission counted"
Cognition,Data Engineer,https://jobs.ashbyhq.com/cognition/9ef920ff-de3d-4b5d-8733-f3bf92763b0f/application,San Francisco onsite,No,Blocked,,,,,,"Official Ashby form attempted with resume PDF and tailored data-engineering note; Cognition returned one-application-per-role-every-3-months limit, so no new submission counted"
Cognition,Applied AI Transformation Manager,https://jobs.ashbyhq.com/cognition/ca40e489-d1cb-4a8a-b761-ec3a67c8fda6/application,San Francisco / New York City onsite,No,Blocked,,,,,,"Official Ashby form attempted with resume PDF and tailored AI-transformation note; Cognition returned one-application-per-role-every-3-months limit, so no new submission counted"
Speakeasy,Product Engineer - AI Control Plane,https://jobs.ashbyhq.com/Speakeasy/df5263bd-c529-4563-9d93-136a5d5b1dd5/application,San Francisco onsite,No,Submitted,2026-06-10,2026-06-17,,,,"Submitted through official Ashby application form with resume PDF; confirmation page displayed Success / Your application was successfully submitted; tailored note emphasized AI control plane, APIs/SDKs, security/observability, TypeScript/Python, eval tooling, workflow automation, and public GitHub projects"
Fathom,Full Stack Engineer,https://jobs.ashbyhq.com/fathom.video/01619869-e031-464c-b3b3-7674f10a77f6/application,Remote,Yes,Blocked,,,,,,Official Ashby form attempted with resume PDF and LinkedIn; blocked after submit because the form revealed required US work-authorization and Fathom-user answers that should not be guessed
Pinecone,"Senior/Staff Software Engineer, Experience",https://jobs.ashbyhq.com/pinecone/773e953d-8f53-4313-93b4-35a553bad1cb/application,US Remote,Yes,Blocked,,,,,,"Official Ashby form attempted with resume PDF, phone, and LinkedIn; blocked after submit because the form revealed required preferred-pronoun, location, sponsorship, and side-obligation questions that should not be guessed"
Pinecone,"Senior/Staff Software Engineer, Search & Retrieval Infrastructure",https://jobs.ashbyhq.com/pinecone/7ef089cb-a721-4ad8-a6d0-c390e64991d2/application,US Remote,Yes,Blocked,,,,,,"Official Ashby form inspected; strong AI retrieval/search infrastructure fit, but blocked by the same required Pinecone sponsorship, side-obligation, preferred-pronoun, and location questions"
Scale AI,"Software Engineer, Enterprise AI",https://job-boards.greenhouse.io/scaleai/jobs/4513943005#app,"New York, NY / San Francisco, CA",No,Blocked,,,,,,"Official Greenhouse form inspected; strong enterprise AI/platform fit, but blocked by required non-compete/current-former-employer restriction answer plus US work authorization and future sponsorship answers; optional cover letter slot detected and automation is configured to upload the cover letter if used"
Scale AI,"Forward Deployed Engineer, GenAI",https://job-boards.greenhouse.io/scaleai/jobs/4593571005#app,"San Francisco, CA / New York, NY",No,Blocked,,,,,,"Official Greenhouse form inspected; strong GenAI/FDE fit, but blocked by required non-compete/current-former-employer restriction answer plus US work authorization and future sponsorship answers; optional cover letter slot detected and automation is configured to upload the cover letter if used"
Tetsuwan Scientific,Software Engineer,https://jobs.ashbyhq.com/tetsuwan/ad583fec-dc0a-4b6c-8171-416403a0e7ed/application,San Francisco onsite,No,Blocked,,,,,,"Official Ashby form inspected; strong AI/robotics/lab-automation fit with $140K-$180K range, but blocked by explicit no-AI/own-words application guidance, required San Francisco 5-days/week relocation answer, and required US work authorization/future sponsorship answers"
Scribd,Lead Product Manager - AI Developer Platform,https://jobs.ashbyhq.com/ScribdInc/ff2680ea-9a6d-436d-bdb0-300c647bf23e/application,US/Canada remote eligible cities,Yes,Blocked,,,,,,"Official Ashby form inspected; AI developer-platform topic is relevant but role is lead product management rather than best engineering fit; form includes application limits, required AI-tools narrative, work-authorization/sponsorship selections, and optional cover-letter upload"
Shepherd,"Software Engineer, Full Stack",https://jobs.ashbyhq.com/shepherd/c4081c3d-a79b-4ac9-aa19-78f5e1a24c4d/application,San Francisco onsite,No,Blocked,,,,,,"Official Ashby form inspected; high-paying AI-native insurance/full-stack fit, but blocked by required US work authorization answer and required comfort with five-days/week onsite in San Francisco; source field detected"
vvd,Design Engineer,https://jobs.ashbyhq.com/vvd/c56cc77f-1ac1-4e31-9281-b7d01216dae2/application,Remote,Yes,Blocked,,,,,,"Official Ashby form inspected; remote React/TypeScript/design-engineering fit, but blocked by explicit AI-filling trap plus required personal/taste/product critique answers that should not be AI-generated without user input"
SalesJack,Implementation Engineer,https://jobs.ashbyhq.com/salesjack/3ab994a1-00fa-4826-8069-748f41be5071/application,Toronto / Hamilton onsite,No,Blocked,,,,,,"Official Ashby form inspected; forward-deployed implementation angle is adjacent, but blocked by Canada sponsorship/work eligibility question, onsite Canada location, and custom forward-deployed experience/source questions"
Trace,"Software Engineer, Full Stack",https://jobs.ashbyhq.com/tracelabs/963005ce-f4f1-4d54-957d-139b7849cb4a/application,United States remote,Yes,Blocked,,,,,,"Official Ashby form inspected; excellent physical-AI data infrastructure fit with $150K-$250K range, but blocked by required US work authorization and future visa sponsorship answers; why-Trace answer drafted in automation but not submitted"
Modal,Member of Technical Staff - Product (Backend),https://jobs.ashbyhq.com/modal/a4b8b2b6-5d0c-4ba6-9256-b84be84fb79e/application,New York / San Francisco onsite,No,Blocked,,,,,,Official Ashby form attempted with resume PDF; blocked after submit because the form required answer to whether candidate is excited and able to work from the NYC or SF office; no answer guessed and no submission counted
Sierra,"Software Engineer, Agent",https://jobs.ashbyhq.com/Sierra/e9f5fdb6-91ee-4c55-9230-41ec8865650e/application,San Francisco / Atlanta / New York onsite,No,Blocked,,,,,,"Official Ashby form inspected from broader AI-company search; very strong agent-engineering fit with $180K-$390K range, but blocked by required US work authorization, future sponsorship, in-person office commitment, and personal favorite-junk-food/source questions"
Sierra,"Software Engineer, Agent Data Platform",https://jobs.ashbyhq.com/Sierra/78c5dce4-3670-4c9b-a666-98f435c56324/application,San Francisco onsite,No,Blocked,,,,,,"Official Ashby form inspected from broader AI-company search; strong agent data-platform fit with $230K-$390K range, but blocked by required US work authorization, future sponsorship, San Francisco office/relocation commitment, and personal/source questions"
Sierra,Developer Relations Engineer,https://jobs.ashbyhq.com/Sierra/7053ca02-ee36-48cc-b331-9d795a966c4c/application,San Francisco onsite,No,Blocked,,,,,,"Official Ashby form inspected; strong AI developer-relations fit with $175K-$280K range, but blocked by required US work authorization, future sponsorship, and San Francisco in-office commitment"
Render,"Software Engineer, Product (all levels)",https://jobs.ashbyhq.com/render/c7d896f2-20a9-4b44-9f7d-13929a0fe453/application,Remote US/Canada,Yes,Blocked,,,,,,"Official Ashby form inspected from remote platform-company search; strong product engineering fit with $170K-$290K range, but blocked by required country work authorization/future sponsorship and preferred-pronoun/current-employer fields; cover-letter upload detected"
Render,"Software Engineer, Infrastructure (all levels)",https://jobs.ashbyhq.com/render/d52dc923-1641-4386-b8ba-5c15e1d7028d/application,Remote US/Canada,Yes,Blocked,,,,,,"Official Ashby form inspected; strong infrastructure/developer-platform fit, but blocked by required US work authorization and future sponsorship answers plus why-Render/custom fields; cover-letter upload detected"
Render,"Developer Relations Engineer, Community",https://jobs.ashbyhq.com/render/4611bde4-47ac-45fc-ab56-235489e52682/application,Remote US,Yes,Blocked,,,,,,"Official Ashby form inspected; strong public-builder/devrel fit, but blocked by required US work authorization/future sponsorship plus pronouns/source fields; cover-letter upload detected and source field available"
Vercel,"Software Engineer, Backend",https://vercel.com/careers/software-engineer-backend-us-5430088004,United States,Yes,Blocked,,,,,,"Official Vercel form inspected; strong backend/platform fit with $196K-$294K SF salary anchor, but blocked by required visa sponsorship/status answer and role-fit essay; resume upload available"
Vercel,"Software Engineer, AI Gateway",https://vercel.com/careers/software-engineer-ai-gateway-5798406004,New York City / San Francisco,No,Blocked,,,,,,"Official Vercel form inspected; excellent AI Gateway/AI SDK/open-source fit with $196K-$294K SF salary anchor, but blocked by required visa sponsorship/status answer and senior 5+ years/role-fit essay; resume upload available"
PostHog,Product Engineer,https://posthog.com/careers/product-engineer,Remote,Yes,Blocked,,,,,,"Official PostHog role form inspected; strong open-source product engineering fit and cover-letter field present, but blocked by required sponsorship-to-work-in-desired-location answer"
PostHog,AI Research Engineer,https://posthog.com/careers/ai-research-engineer,Hybrid UK,No,Blocked,,,,,,"Official PostHog role form inspected; strong AI research/product analytics fit, but blocked by required UK sponsorship answer and hybrid London office expectation; cover-letter field present"
PostHog,Backend Engineer - Ingestion,https://posthog.com/careers/backend-engineer-ingestion,Remote,Yes,Blocked,,,,,,"Official PostHog role form inspected; strong data ingestion/backend fit, but blocked by required sponsorship-to-work-in-desired-location answer; cover-letter field present"
Decagon,Agent Strategy Manager,https://jobs.ashbyhq.com/decagon/ebeb6781-5357-4f70-a24b-0293a659bfac/application,Atlanta remote,Yes,Blocked,,,,,,"Official Ashby form inspected after resolving hidden Decagon links; high-paying AI agent strategy role, but blocked by required US work authorization, future visa sponsorship, five-days/week office question, college, language, and source fields"
Decagon,"Research Engineer, Agents",https://jobs.ashbyhq.com/decagon/534658d0-9772-441e-8c06-ed6cdcd355e1/application,San Francisco,No,Blocked,,,,,,"Official Ashby form inspected; exceptional agent research fit with $200K-$400K range, but blocked by required US work authorization, future sponsorship, five-days/week office answer, college, and source fields"
Decagon,Senior Research Engineer,https://jobs.ashbyhq.com/decagon/c1ac7d78-028b-451e-a10a-48c3c11308ea/application,San Francisco onsite,No,Blocked,,,,,,"Official Ashby form inspected; strong senior AI research fit with $200K-$400K range, but blocked by required US work authorization, future sponsorship, five-days/week office answer, college, and source fields"
Decagon,"Customer Engineer, Agent Builder",https://jobs.ashbyhq.com/decagon/8c40fb7a-5f25-4112-a1df-f1c22b81042c/application,San Francisco onsite,No,Blocked,,,,,,"Official Ashby form inspected; strong agent-builder/customer-engineering fit with $175K-$230K range, but blocked by required US work authorization, future sponsorship, five-days/week office answer, college, and source fields"
Second Nature,"Staff Software Engineer, Engineering AI Team",https://jobs.ashbyhq.com/second-nature/ce8bb758-f58a-4800-8a6d-dff88c82ea50/application,"Remote, USA",Yes,Blocked,,,,,,"Official Ashby form inspected from HN and direct Ashby board; strong remote AI engineering fit with $150K-$180K range, but blocked by required street address, ZIP code, salary-expectation alignment, travel/biannual meetings, future sponsorship, and years-band questions"
Veedma,Founding Product Engineer,https://app.dover.com/apply/Veedma/8f5e6d01-75f1-46a8-b5b7-9ecddc685869/,"Remote, United States",Yes,Blocked,,,,,,"Official Dover form inspected from HN; high-upside remote healthcare AI/product role with $160K-$200K and 1-1.25% equity, but blocked by required specific Claude Code daily-use/MCP setup answers and healthcare-production claims that should not be guessed"
Seeq,Backend Software Engineer Staff/Principal,https://apply.workable.com/seeq/j/CDBF1AE73C/apply/,Remote,Yes,Not qualified,,,,,,"Official Workable form inspected; strong data/analytics backend fit with $170K-$205K range, but role asks required 10+ years of professional software development experience and staff/principal depth beyond current confirmed resume facts; cover-letter field optional"
JustPark,"Lead Engineer, Oobeo Platform",https://apply.workable.com/justpark/j/48D1D405D8/apply/,Dallas hybrid,No,Blocked,,,,,,"Official Workable form inspected; adjacent backend/platform role, but blocked by required address, US work eligibility/no-sponsorship confirmation, salary expectation, notice period, and DFW/NY/Philadelphia relocation/location answer; cover-letter field optional"
JustPark,Lead Full Stack Engineer,https://apply.workable.com/justpark/j/6016D774E3/apply/,London hybrid,No,Blocked,,,,,,"Official Workable form inspected; blocked by required address, UK work eligibility/no-sponsorship confirmation, London hybrid confirmation, notice period, and salary expectation; cover-letter field optional"
Fullstory,Senior Data Pipeline & AI Engineer,https://jobs.ashbyhq.com/fullstory/712e2da5-17ac-436f-8d2f-f44c1ae2d030/application,Atlanta,No,Blocked,,,,,,"Official Ashby form inspected; strong AI/data-pipeline fit and cover-letter upload present, but blocked by required US work authorization, future sponsorship, Atlanta commute, pronouns, and custom AI/warehouse-agent answers"
Fullstory,Senior Data Engineer,https://jobs.ashbyhq.com/fullstory/20dd3185-3313-4ac3-b1de-cf6da9a8d974/application,Atlanta hybrid,No,Blocked,,,,,,"Official Ashby form inspected; strong data engineering fit and cover-letter upload present, but blocked by required US work authorization, future sponsorship, Atlanta commute, pronouns, and custom AI/warehouse-agent answers"
Fullstory,"Senior Software Engineer, Data Ingestion",https://jobs.ashbyhq.com/fullstory/953a8753-dede-4507-a482-eabb71a78de1/application,Atlanta hybrid,No,Blocked,,,,,,"Official Ashby form inspected; strong data-ingestion/backend fit and cover-letter upload present, but blocked by required US work authorization, future sponsorship, Atlanta commute, and pronoun answer"
Nextera Robotics,AI / ML Engineer,https://www.ycombinator.com/companies/nextera-robotics/jobs/bbyawrb-ai-ml-engineer,"Boston, MA",No,Blocked,,,Alex Rand,,,"High-fit YC Physical AI/computer-vision role ($130K-$180K, 1+ years); official Apply to role route requires Work at a Startup login/profile; posting says US citizen/visa only, so legal eligibility needs Ian-confirmed answer before applying."
Voiceops,Founding AI Engineer,https://www.ycombinator.com/companies/voiceops/jobs/Gtlq7oz-founding-ai-engineer,"New York, NY",No,Blocked,,,Ethan Barhydt,,,"Strong YC AI-agent/product role ($200K-$250K + equity, 3+ years, AWS/PostgreSQL/React/TypeScript/LLMs/AI Agents); official Apply to role route requires Work at a Startup login/profile."
Encord,Full-Stack Engineer,https://www.ycombinator.com/companies/encord/jobs/ycUS52d-full-stack-engineer,London,No,Blocked,,,,,,"AI data-layer company, Python/TypeScript fit, but role is London/in-person oriented with 3+ years and official application requires YC Work at a Startup login/profile."
Chainguard,Senior Software Engineer (Customer Platform),https://job-boards.greenhouse.io/chainguard/jobs/4688378006,Remote / United States,Yes,Blocked,,,,,,"Sequoia-backed open-source/security/AI-agent supply-chain company; Greenhouse form requires how-heard source, intended work location, sponsorship answer, and an explicit no-AI/ChatGPT written response, so automation must not submit."
Cyera,Data Scientist - DLP,https://www.comeet.com/jobs/cyera/17.008/data-scientist----dlp/24.C60,Tel Aviv,No,Blocked,,,,,,Sequoia-backed AI/data-security company; role is AI/ML security relevant but appears Tel Aviv-based and Comeet apply flow needs further manual expansion/eligibility review before submission.
Cyera,Senior Data Engineer,https://www.comeet.com/jobs/cyera/17.008/senior-data-engineer/40.767,Tel Aviv,No,Not qualified,,,,,,"AI data-security role, but posting is Tel Aviv full-time and asks 5+ years software/data engineering with 2+ years data platform focus; not a strong fit for current target constraints."
Attentive,"Staff Software Engineer, Developer Experience",https://job-boards.greenhouse.io/attentive/jobs/4261679009,United States,Yes,Not qualified,,,,,,"AI-assisted developer-tooling exposure is relevant and compensation is strong ($180K-$240K), but staff role requires 8+ years software engineering plus 4+ years developer infrastructure; Greenhouse also requires US sponsorship answer."
OfferUp,Senior Cloud Engineer (Hybrid Bellevue or Remote Florida),https://job-boards.greenhouse.io/offerup/jobs/7997280,"Bellevue, WA or Remote Florida",Partial,Blocked,,,,,,"a16z portfolio role with strong compensation ($215K-$240K), but Greenhouse form requires permanent residency in Seattle/Bellevue or Florida, US work eligibility, future immigration-support answer, and exact expected compensation."
Elucid,Principal Platform Engineer,https://elucid.applytojob.com/apply/BHpChxSggM/Principal-Platform-Engineer?source=HackerNews,"Boston, MA hybrid",Partial,Not qualified,,,,,,"AI medical-tech platform role, but principal posting asks 7+ years DevOps/SRE/platform experience and Boston hybrid/relocation plus citizenship/employment eligibility, address, and multiple custom written answers."
Conservation Metrics,"Lead Software Engineer, Data Sovereignty",https://conservationmetrics.com/careers/lead-data-platform-engineer/,"Remote US, preference CA/VA/NV/MN",Yes,Submitted,2026-06-11,2026-06-18,,eng-apply@conservationmetrics.com,,Official posting says Google Form is preferred but email is acceptable if form/login is an issue; submitted by Gmail to eng-apply@conservationmetrics.com with resume attached and cover-letter content in email body; message id 19eb496e7ddf25f4; remote sensing/data sovereignty/open-source platform fit.
Enveritas,Backend Software Engineer,https://enveritas.org/jobs/backend-software-eng/#10d7adef8us,Remote global,Yes,Blocked,,,,,,"HN/YC nonprofit data-platform target; official role page triggered Cloudflare block in automation, so the form could not be inspected or submitted."
Blackshark.ai,Senior Software Engineer - Data Plane Team,https://jobs.eu.lever.co/blackshark/17fbf310-ea37-435f-a198-c2fd4e80087d/apply,"Graz / Remote EU, European work hours",Partial,Not qualified,,,,,,"Geospatial AI platform and data-systems fit, but posting is intended for European work hours/location with EU compensation and senior scope; not a strong US-focused target."
Beatdapp,Machine Learning Engineer II - Inference Platform,https://beatdapp.breezy.hr/p/fcefc290c7b0-machine-learning-engineer-ii-inference-platform/apply,"Vancouver, BC",No,Not qualified,,,,,,"Interesting ML inference/audio integrity role, but posting is Vancouver-based and asks 3+ years platform/infra/backend/ML work plus related STEM degree; not a clean fit for current US remote AI target."
Ashby,"Senior Product Engineer, Americas",https://jobs.ashbyhq.com/Ashby/751768c6-8d97-4e91-a57d-6b85ce4b5a37/application,Remote US / Americas cities,Yes,Blocked,,,,,,"High-signal developer-tooling/product role ($153K-$220K + equity) but Ashby form requires employment visa sponsorship answer, 4+ years full-time-engineer qualification answer, and a role-specific written essay; staged rather than guessing."
Ashby,"Design Engineer, Americas",https://jobs.ashbyhq.com/Ashby/cc846e56-27dd-41b5-bf5b-64d5eeb5ff1a/application,Remote US / Americas cities,Yes,Not qualified,,,,,,"Strong compensation and product-engineering environment, but posting requires 5+ years as a full-time frontend engineer or equivalent frontend/design split plus sponsorship answer; not a clean fit."
Lantern,Software Engineer - Python / Full-Stack,https://forms.gle/kEi5MDDiaJKdyN3fA,New York City onsite,No,Blocked,,,,,,"AI-powered revenue intelligence startup; official application is a Google Form requiring sign-in, and HN post says NYC onsite. Not submitted via automation."
Runway,Staff Product Analytics Engineer,https://jobs.ashbyhq.com/runway-ml/b3b7f8e1-c252-4f61-baaf-c7ab6bfa9572,Remote,Yes,Blocked,,,,,,"High-signal multimodal AI company; Runway careers listed this analytics-engineering role as Remote on 2026-06-11, but the official application route is a JS-only Ashby page and this environment's browser security policy blocks jobs.ashbyhq.com, so the form questions could not be inspected or submitted."
Runway,"Member of Technical Staff, Research Engineer (Datasets)",https://jobs.ashbyhq.com/runway-ml/f74afbd9-b4e8-4b87-835a-5e22dcc556ae,Remote,Yes,Blocked,,,,,,"High-signal AI video/data-systems role; Runway careers listed this datasets-focused research-engineering role as Remote on 2026-06-11, but the official application route is a JS-only Ashby page and this environment's browser security policy blocks jobs.ashbyhq.com, so the form questions could not be inspected or submitted."
Runway,"Member of Technical Staff, Backend Engineer, API",https://jobs.ashbyhq.com/runway-ml/8489a08a-f0cf-4418-968c-c7c803d538bc,Remote,Yes,Blocked,,,,,,"Official Ashby form inspected on 2026-06-12; excellent Runway fit for TypeScript APIs, async workflows, Postgres, observability, and AI platform reliability, but blocked by a required current U.S. work-authorization answer plus additional personal-form fields best supplied directly, including phonetic name spelling."
Runway,"Member of Technical Staff, Research Engineer",https://jobs.ashbyhq.com/runway-ml/98e4b160-3bbe-4acd-b106-ad75ccc49675,Remote,Yes,Blocked,,,,,,"High-signal AI video/research-systems role; Runway careers listed this research-engineering role as Remote on 2026-06-11, but the official application route is a JS-only Ashby page and this environment's browser security policy blocks jobs.ashbyhq.com, so the form questions could not be inspected or submitted."
Genius Sports,"Senior Software Engineer, Sports AI",https://www.geniussports.com/careers/job/7621212003/,"Los Angeles, CA",No,Blocked,,,,,,"Excellent sports-AI fit with real-time multimodal pipelines, evaluation, and observability. Official form is readable, but submission is blocked pending truthful answers on US work authorization, future sponsorship, current location, LA relocation willingness, and the 4-days-per-week Century City office requirement. 'How did you hear about us?' can be answered truthfully as company careers page."
Anthropic,"Product Engineer, Computer Use",https://job-boards.greenhouse.io/anthropic/jobs/5238637008,"San Francisco, CA / Seattle, WA",No,Blocked,,,,,,"Official Greenhouse application inspected on 2026-06-11; exceptional full-stack AI product fit across browser control, agent harnesses, evals, SQL/lightweight analytics, and end-to-end ownership; blocked by required 25% in-office answer, earliest-start/timeline response, Why Anthropic response, visa sponsorship answers, relocation/address answer, and prior Anthropic interview history."
Anthropic,"Software Engineer, Research Data Platform",https://job-boards.greenhouse.io/anthropic/jobs/5191226008,"San Francisco, CA / New York City, NY",No,Blocked,,,,,,"Official Greenhouse application inspected on 2026-06-11; strong Python/SQL/data-product/internal-tooling fit for researcher workflows, ETL, metadata, and experiment visibility; blocked by required 25% in-office answer, earliest-start/timeline response, Why Anthropic response, visa sponsorship answers, relocation/address answer, and prior Anthropic interview history."
Anthropic,"Software Engineer, Human Data Interface",https://job-boards.greenhouse.io/anthropic/jobs/5109273008,"San Francisco, CA / New York City, NY",No,Blocked,,,,,,"Official Greenhouse application inspected on 2026-06-11; strong full-stack internal-tools and human-in-the-loop data-pipeline fit; blocked by required 25% in-office answer, earliest-start/timeline response, Why Anthropic response, visa sponsorship answers, relocation/address answer, and prior Anthropic interview history."
Anthropic,"Software Engineer, Claude Design",https://job-boards.greenhouse.io/anthropic/jobs/5229345008,"San Francisco, CA / New York City, NY / Seattle, WA",No,Blocked,,,,,,"Official Greenhouse application inspected on 2026-06-14; high-signal Claude Design frontend/product role with strong React/TypeScript/design-systems fit, but blocked by required 25% in-office answer, earliest-start/timeline response, Why Anthropic response, visa sponsorship answers, relocation/address answer, and prior Anthropic interview history."
OpenAI,"Software Engineer, Codex App",https://openai.com/careers/software-engineer-codex-app-san-francisco/,"San Francisco / Seattle / London, UK",No,Blocked,,,,,,"Official Ashby form inspected on 2026-06-12; strong Codex role for TypeScript, Node, Electron, developer workflows, and reliability-minded product engineering, but blocked by required earliest-start-date, current-work-authorization, future-visa-sponsorship, and 3-days-per-week US office answers, plus arbitration/certification acknowledgements."
OpenAI,"Software Engineer, Codex Cloud Apps",https://openai.com/careers/software-engineer-codex-cloud-apps-san-francisco/,"San Francisco / Seattle",No,Blocked,,,,,,"Official Ashby form inspected on 2026-06-12; strongest current OpenAI fit for full-stack AI product work across agents, APIs, governance, analytics, and customer-facing workflows, but blocked by required earliest-start-date, current-work-authorization, future-visa-sponsorship, and 3-days-per-week San Francisco office answers. The form also notes a 5-application limit within any 180-day span."
OpenAI,"Frontend Software Engineer, Codex App",https://openai.com/careers/frontend-software-engineer-codex-app-san-francisco/,"San Francisco / Seattle / London, UK",No,Blocked,,,,,,"Official Ashby form inspected on 2026-06-12; strong fit for React/TypeScript, design engineering, Electron-quality UX, and human-agent interaction design, but blocked by required earliest-start-date, current-work-authorization, future-visa-sponsorship, and 3-days-per-week US office answers, plus arbitration/certification acknowledgements."
xAI,Data Engineer,https://job-boards.greenhouse.io/xai/jobs/5120884007,"Palo Alto, CA",No,Blocked,,,,,,"Official Greenhouse application inspected on 2026-06-11; strong fit for training-data pipelines, anomaly analysis, evaluation frameworks, Python, forecasting, and model-debugging instincts; blocked by required future-US-sponsorship answer and practical onsite/relocation posture for Palo Alto; exceptional-work prompt can be answered from prepared text in the automation artifacts."
xAI,"Software Engineer - Data",https://job-boards.greenhouse.io/xai/jobs/5124616007,"Palo Alto, CA",No,Blocked,,,,,,"Official Greenhouse application inspected on 2026-06-11; strong fit for Python/React/Postgres/data platforms, monitoring, and reliable training-data systems; blocked by required future-US-sponsorship answer and practical onsite/relocation posture for Palo Alto; exceptional-work prompt can be answered from prepared text in the automation artifacts."
Hello Patient,"Prompting & AI Agent Research Engineer",https://jobs.ashbyhq.com/hellopatient/137742bf-6fa6-4ef7-9cc6-4dc48c70b450,"New York, NY",No,Not qualified,,,,,,"Official role page metadata verified on 2026-06-11; must-have requirements include 5+ years in prompting/AI research/applied AI plus an advanced research-oriented degree (PhD preferred), so this is not a clean fit for Ian's current confirmed resume facts."
Sweed,AI Product Engineer,https://jobs.ashbyhq.com/sweedpos.com/b2335d86-ace5-4773-acf4-3d5c89c2a008/application,Remote International,Yes,Blocked,,,,,,"Official Ashby application inspected and filled on 2026-06-11; strong remote AI product-engineering fit across Python/SQL/TypeScript/React/workflow automation. All required facts were known, but the official submit returned 'Your application submission was flagged as possible spam' with Ashby error type RECAPTCHA_SCORE_BELOW_THRESHOLD, so no submission was confirmed."
Camber,AI Product Engineer,https://jobs.ashbyhq.com/camber/d85afd85-0014-4607-b4ce-587941026093/application,"New York, NY",No,Blocked,,,,,,"Official Ashby form inspected on 2026-06-11; high-upside healthcare AI product role with $190K-$230K base plus equity, but blocked by a required confirmation that the candidate is comfortable working hybrid from Camber's Flatiron NYC office 3-5x/week. Custom why-Camber and healthcare-AI answer fields are otherwise submittable."
Crux,AI Product Engineer,https://jobs.ashbyhq.com/cruxclimate/de7fb381-026b-420a-8366-f04dffd64f61/application,"Remote US/Canada",Yes,Blocked,,,,,,"Official Ashby form inspected on 2026-06-11; strong climate/AI product-engineering fit with $150K-$250K base, but blocked by a required demo link or recording of an LLM-powered product plus mandatory motivation and production-AI-experience short answers."
WorkOS,Applied AI Engineer,https://jobs.ashbyhq.com/workos/5e650527-d8dd-413a-9cfb-d7d68143274b/application,Remote United States,Yes,Blocked,,,,,,"Official Ashby form inspected on 2026-06-11; strong AI platform/developer-infrastructure fit with $175K-$275K base plus equity, but blocked by required U.S. work-authorization and future employment-visa sponsorship answers."
Pareto,Applied AI Engineer,https://jobs.ashbyhq.com/pareto-ai/4f5fe995-7828-437e-b80c-0132efba1b20/application,US Remote,Yes,Blocked,,,,,,"Official Ashby form inspected on 2026-06-11; high-comp remote applied-AI role with $225K-$275K base plus equity, but blocked by required current work-authorization and earliest-start-date answers. Compensation expectations can be answered from the packet if the legal/timeline facts are confirmed."
Trace Labs,"Software Engineer, Full Stack",https://jobs.ashbyhq.com/tracelabs/963005ce-f4f1-4d54-957d-139b7849cb4a/application,United States remote,Yes,Blocked,,,,,,"Official Ashby form inspected on 2026-06-12; strong physical-AI data-platform fit across Python, TypeScript/React, PostgreSQL, data pipelines, observability, and customer-facing product ownership, but blocked by required U.S. work-authorization and future-visa-sponsorship answers."
OpenAI,"Software Engineer, Observability",https://jobs.ashbyhq.com/openai/d4dcd344-40cf-44d6-a7dd-172118eb0842/application,"San Francisco, CA",No,Blocked,,,,,,"Official Ashby form inspected on 2026-06-13; exceptional observability/reliability fit across telemetry, dashboards, anomaly detection, and engineering tooling, but blocked by required current-location, earliest-start-date, current-work-authorization, future-visa-sponsorship, and 3-days-per-week office answers, plus required arbitration/certification acknowledgements."
Together AI,"Backend Software Engineer - Data Platform & AI Data Products",https://job-boards.greenhouse.io/togetherai/jobs/5064263007,"San Francisco, CA",No,Blocked,,,,,,"Official Greenhouse form inspected on 2026-06-13; high-signal Together AI backend/data-platform role with 0-4 years scope, prompt-taxonomy/evaluation overlap, and optional cover-letter upload, but blocked by required 4-days-per-week San Francisco office answer plus current-work-authorization and future-sponsorship answers."
Teamworks,"Senior Applied AI Engineer",https://jobs.ashbyhq.com/teamworks/2564b994-e9ce-4aa1-8400-9f143c79b635/application,United States,Yes,Blocked,,,,,,"Official Ashby form inspected on 2026-06-13; excellent sports-tech AI fit for AI Advantage Sports plus TypeScript/Node/GenAI product work, but blocked by a required U.S.-citizen-only answer, intended-work-location answer, and company-specific short-answer fields. 'How did you hear about Teamworks?' can be answered truthfully as company careers page."
Mirage (Captions),"Software Engineer, Early Career",https://jobs.ashbyhq.com/mirage/cbf278fd-84ec-48d9-8052-b76abb035ac7/application,"Union Square, New York City",No,Blocked,,,,,,"Official Ashby form inspected on 2026-06-13; strong Captions/Mirage multimodal AI and product-engineering fit with $160K-$165K base plus equity, but blocked by required future-visa-sponsorship and NYC office-willingness answers, plus tailored project/interest short answers best supplied directly."
Titan AI,Applied AI Engineer,https://jobs.ashbyhq.com/titan-ai/297cf9a9-289d-4cd5-a4a1-1e051f6f5d64/application,United States,Yes,Not qualified,,,,,,"Official Ashby role/application inspected on 2026-06-13; compelling remote fintech AI role with $200K-$300K base plus equity, but the posting explicitly requires 5+ years of software-engineering experience and 2+ years building production agentic AI or RAG systems, which is beyond current confirmed resume facts."
ElevenLabs,Engineering - Internal AI Transformation,https://jobs.ashbyhq.com/elevenlabs/a3097257-a07a-4a7e-b9fe-b8555c1a0fa7/application,Remote (United States eligible),Yes,Submitted,2026-06-13,2026-06-20,,,,,"Submitted through official Ashby application form with resume PDF; confirmation page displayed Thank you for applying to ElevenLabs! We'll be in touch via email shortly. Tailored responses emphasized internal agentic workflows, Python/SQL systems, evaluation/monitoring, and operational automation."
ElevenLabs,Forward Deployed Engineer - Software Engineer,https://jobs.ashbyhq.com/elevenlabs/6c4c57c1-ec72-42ba-af3a-eb7aebbde2e6/application,Remote,Yes,Blocked,,,,,,Official Ashby form filled on 2026-06-13 after a same-day ElevenLabs submission; final submit returned a domain-wide limit message: As you have applied for a position in this domain within the last 90 days you cannot submit an application for this position. This is an official application-limit blocker rather than a missing-facts blocker.
Perplexity,"Member of Technical Staff (AI Software Engineer, Agents)",https://jobs.ashbyhq.com/perplexity/4ab39122-1d15-4874-8ab7-c6a241472743/application,"San Francisco, CA",No,Blocked,,,,,,"Official Ashby form inspected on 2026-06-13; newly published on 2026-06-12 with $220K-$405K plus equity and strong agent/evals/product fit, but blocked by required future-U.S.-sponsorship answer, required 4-days-per-week San Francisco office answer, and a required exercise-submission shared URL. Phone and location fields are known and not blockers."
Harvey,Integration Engineer,https://jobs.ashbyhq.com/harvey/9cb5be7c-24ea-406d-975b-83342a6dee39/application,Remote,Yes,Blocked,,,,,,"Official Ashby form inspected on 2026-06-14; remote Harvey integration-engineering role with $133.5K-$200.3K base plus equity/bonus and strong overlap on Python/JavaScript APIs, automation, and data pipelines, but blocked by required current legal address, current U.S. work-authorization, and future employment-visa sponsorship answers. The form also requires phone, LinkedIn, and legal/preferred-name fields."
Arize,"Forward Deployed AI Engineer, East",https://job-boards.greenhouse.io/arizeai/jobs/5993755004,Remote (New York),Yes,Blocked,,,,,,"Official Greenhouse form inspected on 2026-06-14; strong AI observability/evals forward-deployed fit with 2-5 years scope and a $125K-$175K range, but blocked by required future sponsorship and U.S. work-authorization answers. The NYC-metro-or-EST field can be answered truthfully from Fairmont, WV because Ian is in Eastern Time."
